{"accuracy": [0.6128579378128052, 0.8381364345550537, 0.8960040807723999, 0.9247767329216003, 0.9427999258041382, 0.9582911133766174, 0.9651045203208923, 0.972240149974823, 0.9767746925354004, 0.9770278930664062, 0.9807338118553162, 0.9825752973556519, 0.9835190176963806, 0.9856367111206055, 0.9871558547019958, 0.9860510230064392, 0.9894576668739319, 0.9894346594810486, 0.9900791645050049, 0.9907467365264893, 0.9899410605430603, 0.9919896721839905, 0.9909308552742004, 0.992841362953186, 0.9923809766769409, 0.992404043674469, 0.9924960732460022, 0.9925190806388855, 0.9932096600532532, 0.994613766670227, 0.9926802515983582, 0.9943605661392212, 0.9939231872558594, 0.9936930537223816, 0.9938311576843262, 0.99530428647995, 0.9938771724700928, 0.994705855846405, 0.9947518706321716, 0.9942454695701599, 0.9950050711631775, 0.9950510859489441, 0.9960178732872009, 0.9955114722251892, 0.9954193830490112, 0.9956725835800171, 0.9957416653633118, 0.9954653978347778, 0.9955344796180725, 0.9954884648323059], "loss": [1.3543872833251953, 0.5152385234832764, 0.32831668853759766, 0.2290423959493637, 0.17158812284469604, 0.12812502682209015, 0.10962886363267899, 0.08566703647375107, 0.07100091129541397, 0.06701748073101044, 0.05948725342750549, 0.05499487370252609, 0.05059485882520676, 0.04378161206841469, 0.04183113947510719, 0.04443325474858284, 0.03450263291597366, 0.033571962267160416, 0.03127596154808998, 0.030879734084010124, 0.031248994171619415, 0.02791653759777546, 0.03139340132474899, 0.023615960031747818, 0.026295945048332214, 0.02555023692548275, 0.024769797921180725, 0.024412047117948532, 0.023172343149781227, 0.018469592556357384, 0.024482639506459236, 0.019160335883498192, 0.02052275836467743, 0.020075879991054535, 0.018371935933828354, 0.015761716291308403, 0.020867429673671722, 0.017424654215574265, 0.018650315701961517, 0.018190082162618637, 0.016917286440730095, 0.01559083629399538, 0.013232950121164322, 0.015055580995976925, 0.01625043712556362, 0.015255697071552277, 0.014308204874396324, 0.01567193679511547, 0.014708179049193859, 0.014812683686614037], "val_accuracy": [0.8232206702232361, 0.8884080648422241, 0.9187920093536377, 0.9332473874092102, 0.9362857937812805, 0.9362857937812805, 0.9529509544372559, 0.9500966668128967, 0.9381272196769714, 0.9539636969566345, 0.9569100737571716, 0.9500966668128967, 0.9655648469924927, 0.9680508375167847, 0.9495442509651184, 0.9548844695091248, 0.9587514996528625, 0.9632630348205566, 0.9559893012046814, 0.9646441340446472, 0.9570021033287048, 0.9642758369445801, 0.962066113948822, 0.9600405097007751, 0.9633551239967346, 0.9591197967529297, 0.9688794612884521, 0.9655648469924927, 0.9668538570404053, 0.9719178676605225, 0.9606850147247314, 0.9663935303688049, 0.9606850147247314, 0.9582911133766174, 0.9735751748085022, 0.9529509544372559, 0.9634472131729126, 0.9701684713363647, 0.9553447961807251, 0.9672221541404724, 0.9682349562644958, 0.9716416597366333, 0.9582911133766174, 0.9712733626365662, 0.9667618274688721, 0.9740355610847473, 0.9659331440925598, 0.970997154712677, 0.9719178676605225, 0.9636313319206238], "val_loss": [0.55875563621521, 0.34430235624313354, 0.2473602443933487, 0.19949373602867126, 0.210657998919487, 0.20319607853889465, 0.1608881801366806, 0.17405152320861816, 0.20851966738700867, 0.15693286061286926, 0.15260368585586548, 0.18317607045173645, 0.12317665666341782, 0.12296927720308304, 0.18450769782066345, 0.16286499798297882, 0.1579664647579193, 0.14166246354579926, 0.17895981669425964, 0.13305531442165375, 0.1831527054309845, 0.14085392653942108, 0.15149223804473877, 0.1564333140850067, 0.1518189013004303, 0.1558087170124054, 0.11502962559461594, 0.12393540889024734, 0.12459608167409897, 0.11294809728860855, 0.15582850575447083, 0.1537560373544693, 0.16882926225662231, 0.18532362580299377, 0.10949607193470001, 0.22390179336071014, 0.15394926071166992, 0.1262245774269104, 0.204154372215271, 0.14894655346870422, 0.13952144980430603, 0.13250595331192017, 0.19172018766403198, 0.1289820820093155, 0.14303354918956757, 0.11900728940963745, 0.1480150818824768, 0.13167797029018402, 0.1277642697095871, 0.17587359249591827]}